Comment,Designator,Footprint,LCSC Part #,Manufacturer,MPN,Quantity
ESP32-S3-WROOM-1-N8R2,U1,ESP32-S3-WROOM-1,C2913202,Espressif,ESP32-S3-WROOM-1-N8R2,1
LM2596S-5.0 Buck 24V-5V,U2,TO-263-5,C347421,Texas Instruments,LM2596SX-5.0/NOPB,1
AMS1117-3.3 LDO,U3,SOT-223,C6186,Advanced Monolithic,AMS1117-3.3,1
MAX3485ESA+ RS-485,U4,SOIC-8,C19738,Analog Devices,MAX3485ESA+,1
PC817C Optocoupler,"U5,U6,U7,U8",SOP-4,C6600,Sharp,PC817X2NSZ1B,4
ADS1115IDGSR 16-Bit ADC (4-20mA),U9,VSSOP-10,C37593,Texas Instruments,ADS1115IDGSR,1
SM712 RS-485 TVS Array,D1,SOT-23,C15879,Littelfuse,SM712.TCT,1
SS34 Schottky Diode 3A 40V,"D2,D3",SMA,C8678,Vishay,SS34-E3/61T,2
24V SPDT Industrial Relay,"K1,K2,K3,K4",Relay_SPDT_Finder,C23912,Omron,G5NB-1A-E-24VDC,4
150 Ohm 0.1% Precision Shunt,"R1,R2",R_0805,C25941,Yageo,RT0805BRD07150RL,2
